Model,Training Accuracy,Testing Accuracy,Training Precision,Testing Precision,Training Recall,Testing Recall
Logistic Regression,0.9440914866581956,0.9086294416243654,0.9625668449197861,0.92,0.9230769230769231,0.9019607843137255
Decision Tree,1.0,0.8934010152284264,1.0,0.8715596330275229,1.0,0.9313725490196079
RandomForestClassifier,0.9974587039390089,0.9187817258883249,1.0,0.9215686274509803,0.9948717948717949,0.9215686274509803
CatBoostClassifier,1.0,0.9238578680203046,1.0,0.9306930693069307,1.0,0.9215686274509803
GradientBoostingClassifier,0.9987293519695044,0.9289340101522843,1.0,0.9230769230769231,0.9974358974358974,0.9411764705882353
AdaBoostClassifier,0.9949174078780177,0.934010152284264,1.0,0.9494949494949495,0.9897435897435898,0.9215686274509803
XGBClassifier,1.0,0.9289340101522843,1.0,0.94,1.0,0.9215686274509803
