Model,Training Accuracy,Testing Accuracy,Training Precision,Testing Precision,Training Recall,Testing Recall
Logistic Regression,0.9504447268106735,0.9390862944162437,0.9740932642487047,0.9411764705882353,0.928395061728395,0.9195402298850575
Decision Tree,1.0,0.9035532994923858,1.0,0.8695652173913043,1.0,0.9195402298850575
RandomForestClassifier,0.9974587039390089,0.9238578680203046,1.0,0.9615384615384616,0.9950617283950617,0.8620689655172413
CatBoostClassifier,1.0,0.9441624365482234,1.0,0.9634146341463414,1.0,0.9080459770114943
GradientBoostingClassifier,1.0,0.9137055837563451,1.0,0.8977272727272727,1.0,0.9080459770114943
AdaBoostClassifier,0.9961880559085133,0.9137055837563451,1.0,0.8888888888888888,0.9925925925925926,0.9195402298850575
XGBClassifier,1.0,0.9441624365482234,1.0,0.9523809523809523,1.0,0.9195402298850575
